bids_name	NumberOfShells	bValues	bValuesEstimation	bdiffs_max	bdiffs_mean	bdiffs_median	bdiffs_min	efc_shell01	efc_shell02	efc_shell03	fa_degenerate	fa_nans	fber_shell01	fber_shell02	fber_shell03	fd_mean	fd_num	fd_perc	ndc	sigma_cc	sigma_pca	sigma_piesno	snr_cc_shell0	snr_cc_shell1_best	snr_cc_shell1_worst	snr_cc_shell2_best	snr_cc_shell2_worst	spikes_global	spikes_slice_i	spikes_slice_j	spikes_slice_k	summary_bg_k	summary_bg_mad	summary_bg_mean	summary_bg_median	summary_bg_n	summary_bg_p05	summary_bg_p95	summary_bg_stdv	summary_fg_k	summary_fg_mad	summary_fg_mean	summary_fg_median	summary_fg_n	summary_fg_p05	summary_fg_p95	summary_fg_stdv	summary_wm_k	summary_wm_mad	summary_wm_mean	summary_wm_median	summary_wm_n	summary_wm_p05	summary_wm_p95	summary_wm_stdv
sub-067534_dwi	2	[0.0, 1000.0, 2000.0]	[1000.0, 2000.0]	0.2749	0.0701	0.0304	0.0027	0.5279	0.6131	0.6705	0.0	0.0	413.1035	68.1191	24.9843	14.7302	107	97.27272727272727	0.9443	41.5129	5.7044	2.146	3.77	3.86	3.86	2.18	1.04	73.81	504.08	470.57	411.01	81.8392	2.9652	11.3762	7.0	481754.0	4.0	34.0	15.9961	41.675	44.4781	152.9609	142.0	167206.0	61.0	263.0	75.6226	57.1199	37.0651	147.7375	142.0	46803.0	70.0	230.0	60.9135
sub-112188_dwi	2	[0.0, 1000.0, 2000.0]	[1000.0, 2000.0]	0.2607	0.0868	0.0621	0.0012	0.5036	0.5961	0.6485	0.0	0.0	486.1058	84.279	31.2336	18.1243	107	97.27272727272727	0.9222	33.3585	5.3784	1.9809	4.46	4.63	4.63	2.7	1.21	81.19	572.55	502.62	540.45	84.103	2.9652	9.9456	6.0	496228.0	3.0	32.0	13.0585	31.5305	42.9955	146.4302	135.0	152732.0	51.0	262.0	75.4561	12.2599	32.6172	139.9074	134.0	38623.0	83.0	216.0	46.8447
sub-193847_dwi	2	[0.0, 1000.0, 2000.0]	[1000.0, 2000.0]	0.284	0.1297	0.1243	0.0199	0.5368	0.6066	0.6489	0.0	0.0	461.8657	87.4369	31.0435	23.1863	107	97.27272727272727	0.8853	44.4781	5.5723	1.9809	3.83	3.93	3.93	2.02	0.98	97.3	785.26	743.01	637.94	49.2554	2.9652	10.4901	6.0	468012.0	3.0	33.0	13.874	30.5289	44.4781	157.0984	145.0	180948.0	67.0	269.0	74.3609	7.7009	37.0651	155.9079	149.0	50840.0	98.0	237.0	48.9492
sub-205693_dwi	2	[0.0, 1000.0, 2000.0]	[1000.0, 2000.0]	0.2628	0.0532	0.0358	0.003	0.539	0.6114	0.6622	0.0	0.0	465.0299	90.1007	32.8576	11.351	107	97.27272727272727	0.9577	34.0999	5.6874	1.9809	5.0	5.14	5.14	3.21	1.29	80.62	525.93	435.61	489.17	119.5391	2.9652	10.888	6.0	473887.0	3.0	34.0	15.5373	32.6014	42.9955	157.108	147.0	175073.0	69.0	261.0	69.5755	13.2512	37.0651	155.2633	148.0	49366.0	91.0	239.0	51.0658
sub-275592_dwi	2	[0.0, 1000.0, 2000.0]	[1000.0, 2000.0]	0.3904	0.1753	0.1665	0.0122	0.5509	0.6009	0.6444	0.0	0.0	471.4912	81.5909	28.8562	23.4824	108	98.18181818181819	0.6189	20.7564	5.2296	1.9809	7.65	7.82	7.82	4.5	2.3	89.37	643.94	623.54	475.73	134.5165	2.9652	10.0639	6.0	456389.0	2.0	34.0	14.3331	28.9327	44.4781	140.0216	130.0	192571.0	53.0	244.0	67.0857	5.5405	35.5825	136.5658	131.0	54525.0	76.0	215.0	44.8924
sub-279828_dwi	2	[0.0, 1000.0, 2000.0]	[1000.0, 2000.0]	0.3256	0.1633	0.1727	0.0108	0.5353	0.6019	0.6519	0.0	0.0	386.1958	74.5497	27.3211	26.2696	107	97.27272727272727	0.926	28.1694	5.6402	1.9809	5.22	5.31	5.31	2.73	1.52	87.82	642.48	518.65	556.41	64.1873	2.9652	11.1611	6.0	470001.0	3.0	35.0	14.2764	52.5434	45.9607	147.0264	135.0	178959.0	60.0	261.0	77.2305	4.0604	34.0999	139.9651	134.0	45726.0	84.0	214.0	42.9528
sub-291670_dwi	2	[0.0, 1000.0, 2000.0]	[1000.0, 2000.0]	0.248	0.1016	0.096	0.004	0.5591	0.6083	0.6447	0.0	0.0	521.0253	89.4512	33.8429	17.2566	107	97.27272727272727	0.9694	40.0303	5.3672	1.9809	3.58	3.69	3.69	2.12	1.11	90.87	626.46	614.8	527.0	56.6946	4.4478	13.2106	6.0	452086.0	2.0	44.0	25.3326	32.962	47.4433	151.2263	140.0	196874.0	63.0	264.0	73.9564	19.2262	38.5477	141.1483	134.0	55681.0	73.0	224.0	51.909
sub-317132_dwi	2	[0.0, 1000.0, 2000.0]	[1000.0, 2000.0]	0.3099	0.1168	0.1158	0.0014	0.529	0.6033	0.6514	0.0	0.0	457.0935	93.6425	33.3596	19.7287	107	97.27272727272727	0.9427	25.2042	5.2716	1.9809	6.19	6.31	6.31	3.77	1.55	86.73	627.91	527.39	563.14	84.3636	2.9652	10.699	6.0	476881.0	3.0	35.0	14.9795	44.0166	42.9955	154.274	143.0	172079.0	65.0	261.0	74.3739	42.1017	31.1346	145.9593	138.0	44841.0	93.0	223.0	48.0061
sub-351677_dwi	2	[0.0, 1000.0, 2000.0]	[1000.0, 2000.0]	0.2415	0.0859	0.0756	0.0074	0.5746	0.6252	0.6604	0.0	0.0	408.2077	76.9215	29.5239	16.9275	107	97.27272727272727	0.9215	31.1346	5.0981	1.9809	4.57	4.71	4.71	2.71	1.35	84.85	613.34	584.21	490.01	31.5053	4.4478	13.7945	6.0	455506.0	3.0	51.0	19.7107	33.6975	45.9607	141.4253	132.0	193454.0	53.0	244.0	67.9918	5.6957	35.5825	135.1695	130.0	56179.0	68.0	216.0	47.7498
sub-378141_dwi	2	[0.0, 1000.0, 2000.0]	[1000.0, 2000.0]	0.288	0.1088	0.1008	0.0024	0.5427	0.6059	0.6548	0.0	0.0	488.5392	79.4298	29.4014	15.9678	107	97.27272727272727	0.9129	28.1694	5.4475	2.146	5.51	5.63	5.63	3.21	1.62	94.7	668.71	638.11	584.99	105.5463	2.9652	10.7277	6.0	462730.0	3.0	36.0	15.7706	25.8276	48.9259	149.2835	138.0	186230.0	63.0	263.0	72.7195	4.2863	38.5477	139.0065	133.0	56080.0	81.0	219.0	45.4224
sub-396248_dwi	2	[0.0, 1000.0, 2000.0]	[1000.0, 2000.0]	0.364	0.1852	0.1875	0.0473	0.5402	0.5994	0.6375	0.0	0.0	480.9611	90.7921	33.0972	31.1846	107	97.27272727272727	0.9601	31.8759	5.2594	1.9809	4.5	4.61	4.61	2.51	1.48	107.44	772.14	779.43	699.3	63.9224	2.9652	9.8881	5.0	463374.0	2.0	34.0	13.3419	36.9162	41.5129	139.2456	128.0	185586.0	58.0	245.0	69.6391	19.0201	35.5825	133.2274	130.0	55297.0	71.0	202.0	44.9209
sub-439021_dwi	2	[0.0, 1000.0, 2000.0]	[1000.0, 2000.0]	0.2843	0.1186	0.1097	0.0123	0.5264	0.6006	0.6437	0.0	0.0	530.356	86.8939	31.3806	22.9173	107	97.27272727272727	0.8022	29.652	5.2873	1.9809	5.16	5.28	5.28	3.17	1.33	83.28	623.54	574.01	569.02	49.3095	2.9652	10.2511	6.0	473778.0	3.0	34.0	13.7698	58.2039	44.4781	149.9229	138.0	175182.0	63.0	259.0	76.2121	15.0215	37.0651	148.5925	140.0	43647.0	87.0	233.0	52.263
sub-449900_dwi	2	[0.0, 1000.0, 2000.0]	[1000.0, 2000.0]	0.177	0.0373	0.0288	0.0027	0.5325	0.6151	0.6774	0.0	0.0	339.4748	67.1559	25.1767	7.6975	107	97.27272727272727	0.7903	44.4781	5.6974	1.9809	3.31	3.44	3.44	1.88	0.96	68.5	410.84	413.75	389.99	65.7578	2.9652	10.0205	6.0	474902.0	3.0	29.0	11.054	49.5938	42.9955	134.7978	126.0	174058.0	40.0	234.0	70.1324	30.4726	41.5129	136.7297	131.0	54435.0	43.0	225.0	58.984
sub-457424_dwi	2	[0.0, 1000.0, 2000.0]	[1000.0, 2000.0]	0.2437	0.1086	0.0885	0.0045	0.5168	0.5858	0.6248	0.0	0.0	660.5511	119.7249	43.963	23.4589	107	97.27272727272727	0.854	34.0999	5.3562	1.6508	5.14	5.29	5.29	3.31	1.26	81.04	562.35	472.03	506.82	350.1324	2.9652	10.6239	6.0	480451.0	3.0	34.0	16.8449	31.3237	45.9607	165.6033	155.0	168509.0	58.0	285.0	80.3431	76.52	35.5825	161.0	155.0	48698.0	83.0	242.0	65.6431
sub-515928_dwi	2	[0.0, 1000.0, 2000.0]	[1000.0, 2000.0]	0.2696	0.1232	0.1195	0.0207	0.5466	0.6095	0.6555	0.0	0.0	369.7351	70.5947	26.3238	22.9179	107	97.27272727272727	0.872	19.2738	5.4927	1.9809	7.91	8.18	8.18	4.58	2.25	98.61	754.66	719.7	631.22	166.6052	2.9652	10.6122	6.0	459906.0	3.0	34.0	13.7124	30.8666	45.9607	140.6552	129.0	189054.0	59.0	250.0	71.8951	16.771	41.5129	139.8257	132.0	49283.0	79.0	224.0	50.4677
sub-526477_dwi	2	[0.0, 1000.0, 2000.0]	[1000.0, 2000.0]	0.2059	0.0355	0.0212	0.0013	0.5434	0.6076	0.6588	0.0	0.0	432.5256	90.4683	32.6698	7.4096	107	97.27272727272727	0.941	23.7216	5.9312	2.146	7.34	7.51	7.51	4.42	1.97	68.54	402.1	438.52	358.9	94.2302	2.9652	10.5952	6.0	464360.0	3.0	34.0	12.7387	47.5502	42.9955	150.4391	142.0	184600.0	51.0	246.0	72.8432	70.0809	38.5477	158.6203	149.0	55680.0	94.0	242.0	63.4711
sub-531453_dwi	2	[0.0, 1000.0, 2000.0]	[1000.0, 2000.0]	0.3347	0.1242	0.0942	0.0039	0.5476	0.6166	0.6483	0.0	0.0	379.4742	75.0894	30.1821	22.1228	107	97.27272727272727	0.9322	44.4781	5.6126	2.3111	3.52	3.59	3.59	2.04	1.01	78.74	537.59	467.66	492.54	57.7429	2.9652	11.8935	6.0	461207.0	3.0	42.0	15.6086	62.4515	47.4433	141.5753	131.0	187753.0	45.0	249.0	76.2835	13.851	41.5129	139.251	131.0	57559.0	60.0	232.0	57.916
sub-553081_dwi	2	[0.0, 1000.0, 2000.0]	[1000.0, 2000.0]	0.2628	0.0768	0.0579	0.003	0.5248	0.6044	0.6543	0.0	0.0	517.3988	94.4173	33.3019	15.9719	107	97.27272727272727	0.9305	35.5825	5.8373	1.9809	5.2	5.31	5.31	3.09	1.22	67.09	464.74	387.53	387.47	93.5251	4.4478	11.7483	7.0	481678.0	3.0	39.0	16.7007	70.7162	45.9607	165.799	157.0	167282.0	63.0	270.0	81.1255	9.2775	38.5477	164.3088	159.0	44290.0	91.0	250.0	54.6798
sub-572551_dwi	2	[0.0, 1000.0, 2000.0]	[1000.0, 2000.0]	0.3007	0.1208	0.1187	0.0163	0.572	0.6158	0.6538	0.0	0.0	458.6426	93.505	33.3339	17.3271	107	97.27272727272727	0.9189	23.7216	5.4051	1.9809	6.57	6.72	6.72	3.74	1.85	103.77	805.65	687.65	653.07	82.4874	4.4478	12.7354	6.0	446128.0	3.0	47.0	18.1879	39.1061	42.9955	148.6167	138.0	202832.0	65.0	252.0	71.759	18.838	35.5825	140.9582	135.0	60207.0	78.0	220.0	46.9996
sub-589611_dwi	2	[0.0, 1000.0, 2000.0]	[1000.0, 2000.0]	0.4127	0.169	0.1455	0.0083	0.5508	0.5931	0.6373	0.0	0.0	516.8959	105.9997	36.0651	34.0576	107	97.27272727272727	0.9519	23.7216	5.3503	1.6508	6.43	6.57	6.57	3.15	1.78	121.09	1002.33	923.66	803.52	71.6409	2.9652	10.4608	5.0	457455.0	2.0	36.0	15.1459	23.3472	42.9955	144.0045	133.0	191505.0	67.0	248.0	68.7177	8.7873	34.0999	140.1701	134.0	58500.0	87.0	213.0	42.0495
sub-618650_dwi	2	[0.0, 1000.0, 2000.0]	[1000.0, 2000.0]	0.1924	0.0591	0.0543	0.0028	0.5434	0.6114	0.6602	0.0	0.0	500.084	98.9395	34.9915	9.4272	107	97.27272727272727	0.8533	32.6172	5.4996	1.9809	4.96	5.07	5.07	2.9	1.39	78.32	511.36	508.45	418.57	161.9937	2.9652	11.1499	6.0	462507.0	3.0	38.0	16.4415	60.0835	45.9607	159.1568	149.0	186453.0	65.0	264.0	75.5917	14.757	37.0651	156.2014	146.0	48798.0	99.0	244.0	52.6172
sub-626811_dwi	2	[0.0, 1000.0, 2000.0]	[1000.0, 2000.0]	0.2587	0.1834	0.1879	0.0574	0.5575	0.6005	0.6484	0.0	0.0	471.3391	78.0243	27.7116	16.6846	107	97.27272727272727	0.9506	20.7564	5.2466	1.9809	6.6	6.92	6.92	3.95	2.12	88.73	643.94	549.24	553.89	65.5253	2.9652	11.625	6.0	455459.0	3.0	41.0	18.256	35.6996	45.9607	142.8112	131.0	193501.0	67.0	250.0	69.4066	8.9348	37.0651	133.1931	125.0	51896.0	74.0	214.0	46.5402
sub-641566_dwi	2	[0.0, 1000.0, 2000.0]	[1000.0, 2000.0]	0.2033	0.0772	0.0638	0.0053	0.5101	0.5981	0.6513	0.0	0.0	565.4054	92.2854	32.9813	15.6028	107	97.27272727272727	0.8178	38.5477	5.5936	1.9809	3.79	3.87	3.87	2.17	1.12	76.57	506.99	537.59	467.32	114.8217	2.9652	10.4298	6.0	481710.0	3.0	33.0	15.0316	72.6328	50.4085	161.5831	150.0	167250.0	59.0	281.0	85.0273	38.9908	37.0651	152.0604	147.0	40680.0	79.0	232.0	54.4446
sub-652844_dwi	2	[0.0, 1000.0, 2000.0]	[1000.0, 2000.0]	0.1248	0.0246	0.0157	0.0009	0.5475	0.6176	0.6749	0.0	0.0	411.9612	83.7879	29.9442	6.0016	108	98.18181818181819	0.9441	23.7216	5.5332	2.146	6.08	6.22	6.22	3.95	1.68	67.03	367.13	439.98	374.87	89.5754	2.9652	11.9458	6.0	464863.0	3.0	43.0	17.1149	76.2933	44.4781	146.811	137.0	184097.0	57.0	245.0	74.0045	7.4816	37.0651	141.2271	132.0	52584.0	70.0	230.0	53.679
sub-672857_dwi	2	[0.0, 1000.0, 2000.0]	[1000.0, 2000.0]	0.1609	0.0573	0.0501	0.0117	0.5218	0.602	0.6576	0.0	0.0	452.4604	86.99	31.6208	8.6311	107	97.27272727272727	0.7559	29.652	5.5483	2.146	5.28	5.43	5.43	3.26	1.43	71.11	375.87	439.98	379.91	65.7378	2.9652	9.9127	6.0	481210.0	3.0	31.0	12.0138	36.6759	44.4781	150.8252	140.0	167750.0	53.0	258.0	73.2462	6.8813	35.5825	148.5258	141.0	45701.0	83.0	230.0	50.8098
sub-676955_dwi	2	[0.0, 1000.0, 2000.0]	[1000.0, 2000.0]	0.1625	0.0436	0.0333	0.0032	0.5233	0.6032	0.6615	0.0	0.0	448.9748	86.8657	30.8108	7.6604	107	97.27272727272727	0.5925	28.1694	5.3557	1.9809	5.8	5.94	5.94	3.49	1.55	59.55	324.88	321.97	311.83	140.0745	2.9652	10.3263	6.0	472494.0	3.0	32.0	13.9375	98.308	47.4433	150.1433	140.0	176466.0	53.0	256.0	80.1555	20.0069	40.0303	144.9261	138.0	48712.0	68.0	229.0	56.4274
sub-698741_dwi	2	[0.0, 1000.0, 2000.0]	[1000.0, 2000.0]	0.351	0.1119	0.1003	0.01	0.5394	0.6026	0.6489	0.0	0.0	497.9743	86.0356	30.1968	18.3855	107	97.27272727272727	0.7876	31.1346	5.5477	1.9809	5.0	5.13	5.13	2.8	1.38	105.53	861.01	786.71	651.39	91.5309	2.9652	11.2607	6.0	462143.0	3.0	38.0	16.6231	38.3535	48.9259	163.7035	150.0	186817.0	77.0	285.0	80.6594	28.2857	37.0651	151.0138	146.0	48491.0	87.0	227.0	48.9225
sub-700822_dwi	2	[0.0, 1000.0, 2000.0]	[1000.0, 2000.0]	0.2192	0.0738	0.047	0.0013	0.5249	0.6091	0.6589	0.0	0.0	442.5921	78.8393	29.1639	16.3919	109	99.0909090909091	0.858	51.8911	5.5864	1.9809	3.1	3.17	3.17	1.87	0.9	70.06	434.15	460.37	453.87	78.8929	2.9652	10.6406	6.0	472009.0	3.0	32.0	13.8887	75.0052	48.9259	153.763	143.0	176951.0	57.0	266.0	81.6237	11.1345	38.5477	147.691	140.0	44855.0	80.0	237.0	55.0798
sub-760384_dwi	2	[0.0, 1000.0, 2000.0]	[1000.0, 2000.0]	0.2292	0.1408	0.1409	0.0352	0.557	0.6083	0.6515	0.0	0.0	436.9509	82.8496	30.3248	20.7274	107	97.27272727272727	0.9632	28.1694	5.674	1.9809	5.2	5.35	5.35	3.04	1.72	109.63	833.33	794.0	695.1	95.3805	2.9652	11.816	6.0	455925.0	3.0	39.0	18.8663	29.3665	45.9607	149.8026	138.0	193035.0	72.0	261.0	70.9642	14.8132	38.5477	141.0186	135.0	55939.0	81.0	221.0	47.6234
sub-766406_dwi	2	[0.0, 1000.0, 2000.0]	[1000.0, 2000.0]	0.1794	0.048	0.0291	0.0049	0.5224	0.6032	0.6607	0.0	0.0	461.1649	78.3222	28.8076	9.8315	109	99.0909090909091	0.9258	26.6868	5.2416	1.9809	5.94	6.11	6.11	3.64	1.54	63.53	386.07	400.64	318.55	60.4472	2.9652	9.6572	6.0	483121.0	3.0	30.0	11.7761	31.8741	45.9607	139.0057	131.0	165839.0	46.0	240.0	68.7922	29.7973	38.5477	137.153	132.0	47166.0	64.0	216.0	51.8286
sub-782818_dwi	2	[0.0, 1000.0, 2000.0]	[1000.0, 2000.0]	0.2465	0.1129	0.0974	0.0221	0.538	0.5948	0.6386	0.0	0.0	547.0621	97.2021	35.3909	16.2755	108	98.18181818181819	0.9663	21.4977	5.4788	1.9809	7.65	7.87	7.87	4.49	2.18	65.73	377.33	445.8	337.88	53.0199	2.9652	11.727	6.0	471428.0	3.0	43.0	18.5073	88.4516	44.4781	149.6827	139.0	177532.0	67.0	251.0	74.8862	7.2649	37.0651	147.3603	140.0	50505.0	89.0	225.0	46.5985
sub-828626_dwi	2	[0.0, 1000.0, 2000.0]	[1000.0, 2000.0]	0.1816	0.0547	0.0432	0.0116	0.5562	0.613	0.65	0.0	0.0	585.5271	101.952	36.6655	13.1413	108	98.18181818181819	0.8981	29.652	5.2972	1.9809	5.12	5.28	5.28	3.05	1.43	86.46	645.4	594.41	501.78	103.1209	4.4478	13.5079	6.0	458639.0	2.0	53.0	24.4468	92.6401	42.9955	155.3638	144.0	190321.0	75.0	258.0	75.049	10.6435	32.6172	149.3126	143.0	56060.0	92.0	224.0	45.5488
sub-848038_dwi	2	[0.0, 1000.0, 2000.0]	[1000.0, 2000.0]	0.2769	0.0757	0.0626	0.005	0.5044	0.5916	0.6513	0.0	0.0	484.4879	87.3536	30.9997	14.426	107	97.27272727272727	0.5935	23.7216	5.4459	2.3111	7.04	7.18	7.18	4.21	1.63	67.39	429.78	439.98	399.24	100.7952	2.9652	10.9845	6.0	497707.0	3.0	35.0	15.4427	50.9606	45.9607	159.6714	148.0	151253.0	60.0	277.0	80.5133	29.2135	32.6172	151.3171	146.0	36691.0	97.0	225.0	47.1028
sub-876066_dwi	2	[0.0, 1000.0, 2000.0]	[1000.0, 2000.0]	0.2002	0.0674	0.0627	0.0041	0.5364	0.6195	0.6667	0.0	0.0	387.7748	73.4051	28.1952	15.4431	108	98.18181818181819	0.9629	31.1346	5.7109	1.9809	5.22	5.37	5.37	3.09	1.46	85.4	651.22	571.1	542.13	219.0633	2.9652	11.0895	6.0	467286.0	3.0	34.0	16.9685	55.4671	42.9955	144.7589	134.0	181674.0	53.0	257.0	75.7955	10.5077	37.0651	142.3947	136.0	51583.0	75.0	226.0	50.8984
sub-936212_dwi	2	[0.0, 1000.0, 2000.0]	[1000.0, 2000.0]	0.3505	0.1794	0.2078	0.0082	0.5346	0.6028	0.6438	0.0	0.0	418.2477	76.5198	28.2797	24.1805	108	98.18181818181819	0.9323	25.2042	5.7667	2.3111	6.77	6.91	6.91	3.47	1.8	96.41	687.65	775.06	626.18	116.0309	4.4478	11.5466	7.0	474998.0	3.0	36.0	16.4281	38.6482	44.4781	154.6673	143.0	173962.0	62.0	267.0	76.084	67.5325	37.0651	149.9713	144.0	49795.0	82.0	226.0	51.7684
sub-940925_dwi	2	[0.0, 1000.0, 2000.0]	[1000.0, 2000.0]	0.2799	0.1326	0.1193	0.0018	0.5497	0.6113	0.6595	0.0	0.0	389.0997	71.2543	26.7231	22.9608	107	97.27272727272727	0.4465	25.2042	5.7855	1.9809	6.57	6.66	6.66	3.66	1.67	81.64	525.93	598.78	467.32	164.0391	2.9652	11.835	6.0	464865.0	3.0	38.0	17.1427	49.0032	45.9607	146.0633	136.0	184095.0	62.0	251.0	72.1248	7.4163	40.0303	142.2757	137.0	50991.0	70.0	225.0	51.1593
sub-968873_dwi	2	[0.0, 1000.0, 2000.0]	[1000.0, 2000.0]	0.2949	0.0671	0.0431	0.0038	0.5833	0.6318	0.6643	0.0	0.0	458.3349	83.1469	32.3085	14.25	107	97.27272727272727	0.9503	29.652	5.4701	1.9809	5.14	5.24	5.24	3.12	1.5	85.87	498.25	498.25	500.94	44.9077	4.4478	12.7458	6.0	439452.0	3.0	47.0	19.9533	37.7195	44.4781	141.6647	132.0	209508.0	62.0	243.0	65.4375	13.1875	40.0303	138.4312	130.0	70828.0	72.0	226.0	50.7282
sub-982595_run-1_dwi	2	[0.0, 1000.0, 2000.0]	[1000.0, 2000.0]	0.2834	0.1063	0.0893	0.0024	0.513	0.5913	0.6377	0.0	0.0	586.8335	107.8044	37.8491	20.9832	107	97.27272727272727	0.7923	37.0651	5.5472	1.9809	4.25	4.36	4.36	2.57	1.13	72.52	472.03	515.73	474.05	115.0136	2.9652	10.025	6.0	488223.0	3.0	31.0	14.2492	52.2232	42.9955	159.5883	151.0	160737.0	61.0	263.0	74.6553	38.6691	34.0999	157.1315	150.0	42608.0	90.0	239.0	54.257
sub-982595_run-2_dwi	2	[0.0, 1000.0, 2000.0]	[1000.0, 2000.0]	0.3089	0.121	0.1427	0.0022	0.5147	0.5933	0.6366	0.0	0.0	588.2106	102.9747	36.3312	21.8618	107	97.27272727272727	0.8604	31.1346	5.4174	1.9809	4.65	4.77	4.77	2.86	1.22	77.58	528.85	520.1	494.22	103.264	2.9652	10.082	6.0	487277.0	3.0	31.0	14.3164	41.4247	42.9955	159.4363	150.0	161683.0	63.0	265.0	74.3699	31.74	35.5825	156.5089	149.0	42022.0	95.0	240.0	53.8083
sub-991905_dwi	2	[0.0, 1000.0, 2000.0]	[1000.0, 2000.0]	0.2365	0.104	0.1048	0.0137	0.5426	0.6113	0.6558	0.0	0.0	363.0263	76.728	29.3876	16.7949	107	97.27272727272727	0.8648	30.3933	5.7579	2.3111	5.11	5.26	5.26	3.1	1.5	75.07	473.48	490.97	400.08	290.3738	2.9652	10.7116	6.0	468607.0	3.0	34.0	14.2863	55.9207	44.4781	139.9789	130.0	180353.0	57.0	239.0	69.6212	5.9832	38.5477	139.4609	130.0	53518.0	79.0	223.0	48.8347
